"Date","Price","Open","High","Low","Vol.","Change %"
"02/27/2025","2.3056","2.2958","2.3068","2.2874","3.04K","0.59%"
"02/26/2025","2.2920","2.3342","2.3396","2.2641","94.55K","-1.81%"
"02/25/2025","2.3342","2.3942","2.4069","2.3233","63.81K","-1.83%"
"02/24/2025","2.3777","2.3671","2.3958","2.3605","56.95K","-0.02%"
"02/21/2025","2.3781","2.4455","2.4515","2.3761","70.37K","-2.80%"
"02/20/2025","2.4466","2.4141","2.4592","2.4038","74.08K","1.65%"
"02/19/2025","2.4070","2.3870","2.4218","2.3804","73.13K","0.82%"
"02/18/2025","2.3874","2.3898","2.4171","2.3680","72.07K","-3.02%"
"02/14/2025","2.4618","2.4544","2.4828","2.4417","48.86K","0.53%"
"02/13/2025","2.4487","2.4465","2.4562","2.4005","60.37K","-0.13%"
"02/12/2025","2.4520","2.5144","2.5179","2.4437","71.57K","-2.49%"
"02/11/2025","2.5146","2.4546","2.5213","2.4479","72.69K","2.60%"
"02/10/2025","2.4509","2.4367","2.4714","2.4327","66.37K","0.83%"
"02/07/2025","2.4308","2.4051","2.4377","2.3987","63.67K","1.37%"
"02/06/2025","2.3980","2.3822","2.4086","2.3669","59.82K","0.58%"
"02/05/2025","2.3842","2.4369","2.4441","2.3809","63.34K","-1.88%"
"02/04/2025","2.4298","2.4250","2.4524","2.3792","74.64K","-1.35%"
"02/03/2025","2.4631","2.4665","2.5048","2.4038","116.36K","-0.86%"
"01/31/2025","2.4845","2.4991","2.5047","2.4370","5.99K","0.37%"
"01/30/2025","2.4754","2.4591","2.4999","2.4306","22.50K","0.87%"
"01/29/2025","2.4540","2.4491","2.4705","2.4260","18.30K","0.16%"
"01/28/2025","2.4501","2.4618","2.4913","2.4295","25.73K","-0.40%"
"01/27/2025","2.4600","2.5065","2.5075","2.4188","27.13K","0.49%"
"01/24/2025","2.4480","2.4202","2.4594","2.4134","83.30K","1.02%"
"01/23/2025","2.4234","2.4214","2.4499","2.3995","89.24K","-0.16%"
"01/22/2025","2.4272","2.4875","2.5067","2.4167","105.93K","-2.26%"
"01/21/2025","2.4832","2.5692","2.5896","2.4658","151.66K","-5.26%"
"01/17/2025","2.6210","2.6175","2.6430","2.5795","62.94K","0.15%"
"01/16/2025","2.6172","2.6305","2.6451","2.5850","65.16K","1.84%"
"01/15/2025","2.5699","2.5219","2.5886","2.5011","77.40K","2.85%"
"01/14/2025","2.4987","2.5101","2.5186","2.4767","71.46K","-0.37%"
"01/13/2025","2.5081","2.4775","2.5539","2.4775","83.72K","1.30%"
"01/10/2025","2.4759","2.3722","2.4897","2.3626","93.20K","5.00%"
"01/09/2025","2.3580","2.3345","2.3769","2.3226","70.78K","1.10%"
"01/08/2025","2.3323","2.3526","2.3647","2.3143","53.24K","-0.70%"
"01/07/2025","2.3487","2.3356","2.3565","2.3237","46.55K","0.57%"
"01/06/2025","2.3353","2.3365","2.3737","2.3215","51.43K","0.21%"
"01/03/2025","2.3303","2.3350","2.3475","2.3159","47.46K","-0.12%"
"01/02/2025","2.3331","2.2988","2.3502","2.2881","45.62K","0.72%"
"12/31/2024","2.3164","2.3041","2.3330","2.2892","54.43K","0.66%"
"12/30/2024","2.3012","2.2453","2.3218","2.2446","87.69K","2.28%"
"12/27/2024","2.2499","2.2112","2.2615","2.2035","59.31K","1.80%"
"12/26/2024","2.2102","2.2342","2.2531","2.2014","44.23K","-0.72%"
"12/24/2024","2.2262","2.2417","2.2538","2.2215","45.43K","-0.18%"
"12/23/2024","2.2303","2.2391","2.2656","2.2164","60.15K","-0.27%"
"12/20/2024","2.2364","2.2356","2.2455","2.2047","58.26K","-0.23%"
"12/19/2024","2.2416","2.2472","2.2742","2.2332","50.22K","-0.74%"
"12/18/2024","2.2584","2.2369","2.2797","2.2314","68.62K","1.16%"
"12/17/2024","2.2324","2.2637","2.2695","2.2119","52.13K","-1.51%"
"12/16/2024","2.2666","2.2755","2.2779","2.2547","48.92K","-0.31%"
"12/13/2024","2.2736","2.2412","2.2793","2.2382","44.18K","1.39%"
"12/12/2024","2.2424","2.2343","2.2511","2.2068","41.67K","0.58%"
"12/11/2024","2.2295","2.1883","2.2375","2.1869","48.86K","1.69%"
"12/10/2024","2.1924","2.1824","2.2097","2.1724","42.58K","0.20%"
"12/09/2024","2.1880","2.1371","2.1978","2.1357","37.02K","2.28%"
"12/06/2024","2.1392","2.1654","2.1654","2.1294","37.96K","-1.05%"
"12/05/2024","2.1620","2.1734","2.1942","2.1514","33.14K","-0.55%"
"12/04/2024","2.1739","2.2158","2.2366","2.1711","50.43K","-2.07%"
"12/03/2024","2.2199","2.1772","2.2328","2.1739","31.28K","1.92%"
"12/02/2024","2.1781","2.2010","2.2256","2.1731","40.67K","-0.65%"
"11/29/2024","2.1924","2.2104","2.2496","2.1898","58.75K","-0.86%"
"11/27/2024","2.2114","2.2496","2.2574","2.1990","78.91K","-1.61%"
"11/26/2024","2.2477","2.2518","2.2977","2.2271","86.36K","0.16%"
"11/25/2024","2.2441","2.2924","2.2934","2.2242","91.27K","-1.77%"
"11/22/2024","2.2845","2.2808","2.3033","2.2564","71.32K","0.03%"
"11/21/2024","2.2839","2.2416","2.2876","2.2363","68.89K","2.12%"
"11/20/2024","2.2365","2.2482","2.2603","2.2321","62.39K","-0.68%"
"11/19/2024","2.2517","2.2661","2.2859","2.2451","67.83K","-0.46%"
"11/18/2024","2.2621","2.1805","2.2701","2.1765","61.38K","3.68%"
"11/15/2024","2.1818","2.2192","2.2287","2.1799","44.40K","-1.81%"
"11/14/2024","2.2220","2.2242","2.2552","2.2097","46.98K","-0.31%"
"11/13/2024","2.2288","2.2128","2.2457","2.1827","51.10K","0.42%"
"11/12/2024","2.2194","2.2047","2.2440","2.1979","46.19K","0.56%"
"11/11/2024","2.2070","2.2450","2.2580","2.1993","36.46K","-1.91%"
"11/08/2024","2.2500","2.2905","2.2925","2.2366","33.45K","-2.02%"
"11/07/2024","2.2964","2.2778","2.3069","2.2480","51.35K","0.66%"
"11/06/2024","2.2813","2.3048","2.3212","2.2511","42.78K","-1.37%"
"11/05/2024","2.3131","2.2890","2.3305","2.2868","26.52K","0.90%"
"11/04/2024","2.2924","2.2589","2.3068","2.2589","25.86K","2.23%"
"11/01/2024","2.2424","2.2680","2.2962","2.2342","35.22K","0.34%"
"10/31/2024","2.2347","2.2160","2.2725","2.1995","74.63K","1.65%"
"10/30/2024","2.1985","2.1503","2.2170","2.1483","63.93K","2.56%"
"10/29/2024","2.1436","2.1559","2.1630","2.1173","64.67K","0.18%"
"10/28/2024","2.1398","2.2109","2.2109","2.1375","67.59K","-4.86%"
"10/25/2024","2.2491","2.2183","2.2631","2.2073","64.77K","1.64%"
"10/24/2024","2.2129","2.2341","2.2688","2.2069","64.80K","-0.82%"
"10/23/2024","2.2311","2.2417","2.2507","2.2126","52.01K","-0.71%"
"10/22/2024","2.2471","2.1899","2.2560","2.1815","57.23K","2.38%"
"10/21/2024","2.1948","2.1644","2.2030","2.1576","50.17K","1.52%"
"10/18/2024","2.1620","2.2011","2.2174","2.1569","54.25K","-1.94%"
"10/17/2024","2.2047","2.1902","2.2108","2.1678","47.47K","0.79%"
"10/16/2024","2.1874","2.2082","2.2145","2.1682","39.77K","-0.57%"
"10/15/2024","2.1999","2.2294","2.2445","2.1828","53.56K","-3.82%"
"10/14/2024","2.2873","2.3475","2.3475","2.2344","48.05K","-2.88%"
"10/11/2024","2.3552","2.3575","2.3739","2.3236","38.33K","-0.27%"
"10/10/2024","2.3616","2.2926","2.3700","2.2894","45.26K","3.26%"
"10/09/2024","2.2870","2.3215","2.3298","2.2526","47.23K","-1.00%"
"10/08/2024","2.3101","2.4090","2.4262","2.2830","55.47K","-4.01%"
"10/07/2024","2.4066","2.3305","2.4120","2.3152","53.90K","3.48%"
"10/04/2024","2.3256","2.3150","2.3614","2.3021","64.33K","0.89%"
"10/03/2024","2.3050","2.2167","2.3166","2.1989","57.31K","4.94%"
"10/02/2024","2.1964","2.2120","2.2664","2.1909","45.11K","0.43%"
"10/01/2024","2.1869","2.1650","2.2416","2.1114","66.20K","1.51%"
"09/30/2024","2.1544","2.1670","2.1879","2.1367","60.69K","0.14%"
"09/27/2024","2.1513","2.1515","2.1731","2.1196","66.76K","-0.07%"
"09/26/2024","2.1529","2.1769","2.1886","2.1142","66.09K","-1.10%"
"09/25/2024","2.1769","2.2040","2.2107","2.1654","66.64K","-1.01%"
"09/24/2024","2.1991","2.1745","2.2145","2.1665","69.75K","1.78%"
"09/23/2024","2.1606","2.1852","2.1992","2.1322","70.22K","-0.59%"
"09/20/2024","2.1735","2.1848","2.1900","2.1623","42.74K","-0.41%"
"09/19/2024","2.1824","2.1428","2.1946","2.1403","48.34K","1.09%"
"09/18/2024","2.1588","2.1555","2.1707","2.1179","63.88K","0.42%"
"09/17/2024","2.1497","2.1169","2.1633","2.0958","50.86K","1.81%"
"09/16/2024","2.1115","2.1024","2.1302","2.0847","47.72K","0.50%"
"09/13/2024","2.1009","2.1450","2.1555","2.0980","43.57K","-1.55%"
"09/12/2024","2.1340","2.1070","2.1599","2.0974","46.03K","1.36%"
"09/11/2024","2.1053","2.0855","2.1178","2.0584","52.87K","1.51%"
"09/10/2024","2.0739","2.1650","2.1716","2.0700","41.96K","-3.69%"
"09/09/2024","2.1534","2.1480","2.1803","2.1245","45.34K","0.98%"
"09/06/2024","2.1324","2.1872","2.2040","2.1202","31.26K","-2.39%"
"09/05/2024","2.1846","2.1728","2.2193","2.1717","37.33K","0.43%"
"09/04/2024","2.1752","2.2188","2.2424","2.1679","59.97K","-2.11%"
"09/03/2024","2.2220","2.2956","2.3090","2.2154","44.51K","-2.47%"
"08/30/2024","2.2783","2.3215","2.3490","2.2760","69.16K","-1.48%"
"08/29/2024","2.3126","2.2569","2.3217","2.2436","61.02K","2.46%"
"08/28/2024","2.2571","2.3134","2.3195","2.2553","73.03K","-2.32%"
"08/27/2024","2.3106","2.3668","2.3787","2.3075","75.14K","-2.49%"
"08/26/2024","2.3697","2.3348","2.3863","2.3265","68.44K","2.23%"
"08/23/2024","2.3181","2.2851","2.3334","2.2809","58.85K","1.73%"
"08/22/2024","2.2787","2.2642","2.2916","2.2497","55.32K","0.65%"
"08/21/2024","2.2640","2.2939","2.3221","2.2543","74.00K","-0.69%"
"08/20/2024","2.2797","2.2855","2.3052","2.2500","71.32K","-0.14%"
"08/19/2024","2.2828","2.3463","2.3510","2.2795","63.10K","-2.72%"
"08/16/2024","2.3466","2.3923","2.3933","2.3316","47.33K","-2.10%"
"08/15/2024","2.3969","2.3870","2.4168","2.3832","57.22K","0.39%"
"08/14/2024","2.3877","2.4177","2.4304","2.3846","52.67K","-0.97%"
"08/13/2024","2.4110","2.4217","2.4364","2.4067","42.49K","-0.72%"
"08/12/2024","2.4285","2.3631","2.4324","2.3590","37.07K","2.86%"
"08/09/2024","2.3609","2.3775","2.3909","2.3545","39.91K","-0.70%"
"08/08/2024","2.3776","2.3709","2.3831","2.3469","40.48K","0.25%"
"08/07/2024","2.3717","2.3107","2.3817","2.3021","37.10K","2.56%"
"08/06/2024","2.3124","2.3450","2.3572","2.2967","35.61K","-0.16%"
"08/05/2024","2.3161","2.3519","2.3571","2.2843","41.04K","-0.86%"
"08/02/2024","2.3362","2.4398","2.4441","2.3310","29.01K","-3.57%"
"08/01/2024","2.4228","2.4727","2.4824","2.4194","30.07K","-0.64%"
"07/31/2024","2.4383","2.3719","2.4558","2.3672","68.03K","3.37%"
"07/30/2024","2.3587","2.3956","2.3956","2.3531","70.13K","-1.45%"
"07/29/2024","2.3935","2.4460","2.4575","2.3848","70.94K","-1.81%"
"07/26/2024","2.4376","2.4901","2.4958","2.4192","84.62K","-2.03%"
"07/25/2024","2.4881","2.4623","2.4931","2.4205","59.24K","0.77%"
"07/24/2024","2.4690","2.4414","2.4762","2.4308","62.93K","1.73%"
"07/23/2024","2.4271","2.4503","2.4679","2.4152","55.79K","-1.05%"
"07/22/2024","2.4529","2.4430","2.4561","2.4148","52.58K","0.65%"
"07/19/2024","2.4370","2.4935","2.5185","2.4351","54.00K","-2.65%"
"07/18/2024","2.5033","2.5130","2.5315","2.4800","46.73K","-0.27%"
"07/17/2024","2.5102","2.4810","2.5192","2.4682","45.48K","1.05%"
"07/16/2024","2.4842","2.5273","2.5293","2.4746","53.04K","-1.73%"
"07/15/2024","2.5279","2.5237","2.5420","2.5025","51.23K","0.04%"
"07/12/2024","2.5269","2.5408","2.5667","2.5233","42.30K","-0.35%"
"07/11/2024","2.5358","2.5396","2.5586","2.5208","40.99K","0.06%"
"07/10/2024","2.5343","2.5475","2.5534","2.5149","55.91K","-0.30%"
"07/09/2024","2.5418","2.5873","2.6009","2.5384","56.00K","-1.97%"
"07/08/2024","2.5928","2.6248","2.6248","2.5805","33.31K","-0.91%"
"07/05/2024","2.6166","2.6424","2.6602","2.6116","41.02K","-0.32%"
"07/04/2024","2.6250","2.6269","2.6330","2.6002","","-0.87%"
"07/03/2024","2.6480","2.6440","2.6496","2.6085","38.72K","0.25%"
"07/02/2024","2.6415","2.6259","2.6696","2.6241","59.70K","0.60%"
"07/01/2024","2.6258","2.5575","2.6311","2.5554","44.76K","3.66%"
"06/28/2024","2.5331","2.5629","2.5965","2.5285","62.74K","-1.16%"
"06/27/2024","2.5629","2.5508","2.6005","2.5433","61.35K","0.39%"
"06/26/2024","2.5530","2.5281","2.5738","2.5250","63.34K","1.05%"
"06/25/2024","2.5264","2.5418","2.5560","2.5199","53.80K","-0.47%"
"06/24/2024","2.5383","2.5040","2.5437","2.4902","56.44K","1.12%"
"06/21/2024","2.5101","2.5419","2.5602","2.5027","63.22K","-1.13%"
"06/20/2024","2.5387","2.5441","2.5644","2.5317","68.78K","0.00%"
"06/19/2024","2.5387","2.5271","2.5498","2.5164","","0.11%"
"06/18/2024","2.5358","2.5107","2.5461","2.4834","63.52K","1.50%"
"06/17/2024","2.4983","2.4839","2.5111","2.4714","60.86K","0.58%"
"06/14/2024","2.4839","2.4919","2.5445","2.4818","72.33K","-0.51%"
"06/13/2024","2.4967","2.4511","2.4992","2.4388","57.17K","1.69%"
"06/12/2024","2.4553","2.4479","2.4841","2.4377","53.09K","0.76%"
"06/11/2024","2.4368","2.4400","2.4571","2.4138","40.34K","0.31%"
"06/10/2024","2.4293","2.3731","2.4396","2.3727","37.35K","2.57%"
"06/07/2024","2.3684","2.3783","2.3905","2.3624","26.09K","-0.24%"
"06/06/2024","2.3741","2.3300","2.3770","2.3208","32.45K","2.34%"
"06/05/2024","2.3198","2.3016","2.3317","2.2983","47.64K","0.62%"
"06/04/2024","2.3054","2.3145","2.3191","2.2817","52.83K","-0.71%"
"06/03/2024","2.3218","2.4030","2.4201","2.3116","60.46K","-2.62%"
"05/31/2024","2.3842","2.3876","2.4129","2.3707","57.32K","-0.31%"
"05/30/2024","2.3917","2.4528","2.4550","2.3872","73.30K","-2.61%"
"05/29/2024","2.4559","2.4975","2.5124","2.4486","71.40K","-1.10%"
"05/28/2024","2.4833","2.4372","2.4973","2.4300","75.96K","1.32%"
"05/27/2024","2.4510","2.4361","2.4660","2.4302","","0.63%"
"05/26/2024","2.4356","2.4338","2.4366","2.4330","","0.20%"
"05/24/2024","2.4308","2.4334","2.4472","2.4070","52.04K","0.08%"
"05/23/2024","2.4288","2.4421","2.4853","2.4177","66.12K","-0.72%"
"05/22/2024","2.4463","2.4755","2.4803","2.4375","46.78K","-1.29%"
"05/21/2024","2.4783","2.4965","2.5007","2.4597","44.83K","-0.99%"
"05/20/2024","2.5031","2.5070","2.5197","2.4747","50.09K","0.08%"
"05/17/2024","2.5012","2.4680","2.5066","2.4661","54.19K","1.69%"
"05/16/2024","2.4596","2.4428","2.4708","2.4335","36.68K","0.88%"
"05/15/2024","2.4381","2.4440","2.4547","2.3930","39.90K","0.15%"
"05/14/2024","2.4345","2.4544","2.4623","2.4179","38.83K","-0.76%"
"05/13/2024","2.4531","2.4447","2.4817","2.4385","38.80K","0.13%"
"05/10/2024","2.4498","2.4975","2.5140","2.4465","32.08K","-1.64%"
"05/09/2024","2.4907","2.4885","2.5211","2.4835","31.93K","0.11%"
"05/08/2024","2.4879","2.4745","2.4993","2.4407","39.44K","0.36%"
"05/07/2024","2.4790","2.4800","2.4948","2.4413","31.25K","0.21%"
"05/06/2024","2.4739","2.4550","2.4889","2.4476","26.76K","0.69%"
"05/03/2024","2.4570","2.4643","2.4752","2.4450","29.27K","-0.02%"
"05/02/2024","2.4576","2.4709","2.4884","2.4379","38.50K","-0.30%"
"05/01/2024","2.4651","2.5241","2.5415","2.4598","38.33K","-2.47%"
"04/30/2024","2.5276","2.5554","2.5715","2.4899","60.74K","-0.72%"
"04/29/2024","2.5460","2.5603","2.5828","2.5405","57.48K","-0.57%"
"04/26/2024","2.5607","2.5692","2.5959","2.5570","60.43K","0.01%"
"04/25/2024","2.5604","2.5643","2.5840","2.5279","63.80K","0.03%"
"04/24/2024","2.5597","2.5817","2.5930","2.5447","57.01K","-1.02%"
"04/23/2024","2.5860","2.5767","2.5950","2.5309","66.03K","0.70%"
"04/22/2024","2.5679","2.5498","2.5770","2.5123","51.64K","0.68%"
"04/19/2024","2.5506","2.5426","2.6540","2.5226","70.77K","0.33%"
"04/18/2024","2.5422","2.5845","2.5926","2.5350","59.86K","-1.50%"
"04/17/2024","2.5809","2.6581","2.6643","2.5702","62.30K","-2.89%"
"04/16/2024","2.6578","2.6651","2.6799","2.6327","51.60K","-0.01%"
"04/15/2024","2.6580","2.6960","2.7074","2.6198","41.47K","-0.99%"
"04/12/2024","2.6846","2.6728","2.7333","2.6683","40.65K","0.83%"
"04/11/2024","2.6624","2.7100","2.7202","2.6532","55.66K","-1.53%"
"04/10/2024","2.7038","2.6748","2.7135","2.6542","55.17K","1.04%"
"04/09/2024","2.6759","2.7233","2.7368","2.6723","46.15K","-1.68%"
"04/08/2024","2.7217","2.7440","2.7445","2.6905","38.61K","-1.48%"
"04/05/2024","2.7625","2.7452","2.7827","2.7401","43.07K","1.03%"
"04/04/2024","2.7343","2.7260","2.7535","2.6881","33.79K","0.40%"
"04/03/2024","2.7233","2.7192","2.7597","2.7075","52.34K","0.68%"
"04/02/2024","2.7050","2.6420","2.7186","2.6339","55.41K","3.02%"
"04/01/2024","2.6258","2.6189","2.6372","2.5804","31.16K","0.12%"
"03/28/2024","2.6227","2.6047","2.6307","2.5847","60.83K","0.78%"
"03/27/2024","2.6025","2.6046","2.6136","2.5809","63.55K","-0.51%"
"03/26/2024","2.6159","2.6700","2.6729","2.6030","80.31K","-1.81%"
"03/25/2024","2.6642","2.6385","2.6911","2.6371","58.97K","0.97%"
"03/22/2024","2.6385","2.6423","2.6708","2.6316","58.59K","-0.49%"
"03/21/2024","2.6516","2.6749","2.6855","2.6204","61.38K","-0.89%"
"03/20/2024","2.6754","2.7302","2.7378","2.6561","70.20K","-2.31%"
"03/19/2024","2.7386","2.7489","2.7540","2.7279","48.71K","-0.84%"
"03/18/2024","2.7617","2.6960","2.7666","2.6951","64.95K","2.44%"
"03/15/2024","2.6958","2.6880","2.7067","2.6543","55.13K","0.38%"
"03/14/2024","2.6857","2.6640","2.6941","2.6570","52.57K","1.14%"
"03/13/2024","2.6555","2.5962","2.6670","2.5914","59.33K","2.75%"
"03/12/2024","2.5845","2.6069","2.6300","2.5717","55.94K","-0.83%"
"03/11/2024","2.6061","2.5730","2.6180","2.5483","44.34K","0.64%"
"03/08/2024","2.5895","2.6373","2.6602","2.5697","41.44K","-1.65%"
"03/07/2024","2.6329","2.6044","2.6515","2.5910","48.74K","0.82%"
"03/06/2024","2.6115","2.5578","2.6300","2.5522","40.93K","1.93%"
"03/05/2024","2.5621","2.5940","2.6116","2.5559","32.15K","-1.35%"
"03/04/2024","2.5972","2.6421","2.6482","2.5845","38.38K","-1.66%"
"03/01/2024","2.6410","2.5943","2.6600","2.5897","37.53K","-0.34%"
"02/29/2024","2.6499","2.6165","2.6750","2.5845","84.58K","0.91%"
"02/28/2024","2.6260","2.6882","2.7015","2.6081","96.31K","-2.66%"
"02/27/2024","2.6977","2.7160","2.7287","2.6816","57.61K","-0.35%"
"02/26/2024","2.7073","2.6400","2.7177","2.6166","66.84K","2.51%"
"02/23/2024","2.6411","2.6987","2.7045","2.6237","75.82K","-2.30%"
"02/22/2024","2.7033","2.6752","2.7090","2.6238","74.00K","1.56%"
"02/21/2024","2.6619","2.6859","2.6888","2.6411","69.66K","-0.63%"
"02/20/2024","2.6787","2.7491","2.7616","2.6748","73.72K","-4.84%"
"02/19/2024","2.8148","2.7946","2.8221","2.7601","","2.28%"
"02/16/2024","2.7521","2.7626","2.7659","2.7014","72.25K","-0.47%"
"02/15/2024","2.7650","2.7472","2.8002","2.7202","70.83K","0.37%"
"02/14/2024","2.7547","2.8305","2.8400","2.7449","74.99K","-2.61%"
"02/13/2024","2.8285","2.8544","2.8784","2.8122","57.79K","-0.32%"
"02/12/2024","2.8377","2.8591","2.8591","2.8123","48.42K","-1.17%"
"02/09/2024","2.8713","2.8168","2.8814","2.7989","70.22K","2.01%"
"02/08/2024","2.8147","2.7496","2.8201","2.7317","58.41K","2.63%"
"02/07/2024","2.7425","2.6931","2.7513","2.6836","55.75K","2.36%"
"02/06/2024","2.6794","2.6648","2.6976","2.6505","41.60K","0.73%"
"02/05/2024","2.6599","2.6237","2.6667","2.6028","36.24K","2.16%"
"02/02/2024","2.6037","2.6606","2.6771","2.5847","49.97K","-1.96%"
"02/01/2024","2.6558","2.7316","2.7531","2.6319","74.23K","-4.65%"
"01/31/2024","2.7852","2.7771","2.8111","2.7523","68.22K","0.31%"
"01/30/2024","2.7766","2.8036","2.8164","2.7275","65.46K","-0.72%"
"01/29/2024","2.7966","2.8390","2.8557","2.7734","74.78K","-0.32%"
"01/26/2024","2.8057","2.7606","2.8320","2.7118","92.82K","1.45%"
"01/25/2024","2.7655","2.6612","2.7695","2.6610","86.95K","4.15%"
"01/24/2024","2.6554","2.6681","2.6896","2.6366","65.60K","-0.30%"
"01/23/2024","2.6634","2.6679","2.6871","2.6225","57.77K","-0.01%"
"01/22/2024","2.6637","2.6355","2.6818","2.6030","63.74K","1.37%"
"01/19/2024","2.6278","2.6475","2.6818","2.6225","57.31K","-0.82%"
"01/18/2024","2.6496","2.6075","2.6542","2.5891","50.19K","1.51%"
"01/17/2024","2.6103","2.6058","2.6152","2.5668","56.54K","-0.11%"
"01/16/2024","2.6131","2.6150","2.6718","2.5700","97.30K","-1.77%"
"01/15/2024","2.6603","2.6613","2.6756","2.6155","","-0.03%"
"01/14/2024","2.6612","2.6592","2.6614","2.6532","","1.75%"
"01/12/2024","2.6155","2.6324","2.7190","2.6126","68.69K","0.04%"
"01/11/2024","2.6144","2.5560","2.6433","2.5515","58.87K","2.37%"
"01/10/2024","2.5538","2.5927","2.6428","2.5449","63.56K","-1.79%"
"01/09/2024","2.6004","2.5498","2.6226","2.5397","65.10K","2.52%"
"01/08/2024","2.5365","2.5869","2.5940","2.4938","43.74K","-1.53%"
"01/05/2024","2.5759","2.5511","2.5881","2.5504","34.58K","0.88%"
"01/04/2024","2.5535","2.5692","2.5918","2.5233","41.96K","-0.64%"
"01/03/2024","2.5699","2.4967","2.5883","2.4740","36.02K","3.09%"
"01/02/2024","2.4929","2.5363","2.5594","2.4793","33.59K","-2.70%"
"01/01/2024","2.5620","2.5720","2.5732","2.5591","","1.31%"
"12/29/2023","2.5289","2.5425","2.5800","2.5170","56.69K","-0.45%"
"12/28/2023","2.5403","2.5985","2.6140","2.5336","53.56K","-2.39%"
"12/27/2023","2.6025","2.6401","2.6667","2.5987","44.21K","-1.67%"
"12/26/2023","2.6467","2.6284","2.7036","2.6210","47.79K","0.57%"
"12/25/2023","2.6317","2.6242","2.6330","2.6242","","-0.16%"
"12/22/2023","2.6358","2.6770","2.7025","2.6269","44.73K","-1.29%"
"12/21/2023","2.6702","2.6690","2.6898","2.6347","37.30K","-0.52%"
"12/20/2023","2.6842","2.7003","2.7376","2.6695","50.15K","-0.19%"
"12/19/2023","2.6894","2.6583","2.7034","2.6277","44.69K","1.45%"
"12/18/2023","2.6509","2.6066","2.7037","2.5838","49.88K","2.07%"
"12/15/2023","2.5971","2.5726","2.6280","2.5557","51.53K","1.18%"
"12/14/2023","2.5669","2.5302","2.5885","2.5300","36.80K","1.76%"
"12/13/2023","2.5226","2.4895","2.5401","2.4595","38.22K","1.71%"
"12/12/2023","2.4803","2.5776","2.5983","2.4735","42.36K","-3.82%"
"12/11/2023","2.5789","2.5494","2.5909","2.5333","42.65K","1.10%"
"12/08/2023","2.5508","2.5350","2.5841","2.5258","32.90K","1.30%"
"12/07/2023","2.5181","2.5385","2.5801","2.5162","40.83K","-0.77%"
"12/06/2023","2.5377","2.5950","2.6186","2.5237","35.91K","-2.58%"
"12/05/2023","2.6048","2.6284","2.6678","2.5933","32.06K","-0.79%"
"12/04/2023","2.6256","2.6416","2.6713","2.6035","31.16K","-0.16%"
"12/01/2023","2.6298","2.7034","2.7250","2.6283","36.03K","-4.52%"
"11/30/2023","2.7542","2.8048","2.8722","2.7144","62.14K","-1.94%"
"11/29/2023","2.8087","2.7941","2.8273","2.7350","77.88K","-0.28%"
"11/28/2023","2.8165","2.7542","2.8344","2.7483","61.09K","2.30%"
"11/27/2023","2.7532","2.7495","2.7967","2.7233","54.77K","-0.33%"
"11/24/2023","2.7623","2.7949","2.8273","2.7440","36.23K","-3.65%"
"11/23/2023","2.8670","2.8708","2.9023","2.8445","","2.23%"
"11/22/2023","2.8044","2.8610","2.8638","2.7404","66.67K","-1.68%"
"11/21/2023","2.8522","2.7882","2.8660","2.7617","70.09K","2.31%"
"11/20/2023","2.7877","2.7029","2.8012","2.6894","45.79K","2.72%"
"11/17/2023","2.7139","2.6703","2.7430","2.6460","65.05K","1.56%"
"11/16/2023","2.6722","2.7901","2.8023","2.6599","52.90K","-4.26%"
"11/15/2023","2.7911","2.7745","2.8029","2.7450","60.31K","0.43%"
"11/14/2023","2.7792","2.7800","2.8158","2.7483","51.26K","0.10%"
"11/13/2023","2.7765","2.6957","2.7803","2.6690","44.02K","2.93%"
"11/10/2023","2.6975","2.6718","2.7401","2.6537","37.21K","0.88%"
"11/09/2023","2.6741","2.6994","2.7108","2.6531","52.17K","-0.87%"
"11/08/2023","2.6977","2.7651","2.7806","2.6927","50.46K","-2.91%"
"11/07/2023","2.7785","2.8864","2.8900","2.7611","38.89K","-3.83%"
"11/06/2023","2.8892","2.8569","2.9096","2.8490","34.07K","1.01%"
"11/03/2023","2.8603","2.9476","2.9713","2.8426","46.52K","-3.07%"
"11/02/2023","2.9510","2.8952","2.9604","2.8892","43.50K","2.08%"
"11/01/2023","2.8910","2.8763","2.9346","2.8567","43.64K","-0.65%"
"10/31/2023","2.9100","2.8946","2.9585","2.8946","51.09K","0.90%"
"10/30/2023","2.8841","2.9495","2.9544","2.8617","52.00K","-2.85%"
"10/27/2023","2.9687","2.9600","3.0112","2.9030","53.96K","0.10%"
"10/26/2023","2.9656","2.9491","2.9772","2.9000","54.63K","0.22%"
"10/25/2023","2.9591","2.9586","2.9698","2.8766","59.48K","-0.11%"
"10/24/2023","2.9625","3.0192","3.0299","2.9285","58.28K","-1.76%"
"10/23/2023","3.0156","3.0744","3.0833","3.0084","50.91K","-1.83%"
"10/20/2023","3.0717","3.0849","3.1247","3.0646","41.94K","-0.19%"
"10/19/2023","3.0774","3.0345","3.0955","2.9850","59.72K","1.05%"
"10/18/2023","3.0454","3.0534","3.0917","3.0190","68.99K","-0.26%"
"10/17/2023","3.0532","3.0473","3.0567","2.9954","47.57K","0.36%"
"10/16/2023","3.0421","3.0851","3.1140","3.0371","49.30K","-1.24%"
"10/13/2023","3.0803","2.9431","3.0873","2.9392","57.61K","4.65%"
"10/12/2023","2.9434","2.9104","2.9627","2.8985","45.69K","1.09%"
"10/11/2023","2.9118","2.9242","2.9583","2.8518","40.81K","-0.44%"
"10/10/2023","2.9246","2.8889","2.9393","2.8625","48.49K","1.61%"
"10/09/2023","2.8783","2.8709","2.9366","2.8425","36.37K","1.91%"
"10/06/2023","2.8243","2.7991","2.8772","2.7683","56.57K","0.90%"
"10/05/2023","2.7991","2.9319","2.9399","2.7948","67.99K","-4.32%"
"10/04/2023","2.9254","3.0885","3.0952","2.9123","56.40K","-5.24%"
"10/03/2023","3.0873","3.0988","3.1024","3.0227","49.26K","-0.53%"
"10/02/2023","3.1037","3.1619","3.2024","3.0807","42.89K","-5.97%"
"09/29/2023","3.3006","3.2868","3.3564","3.2694","66.31K","0.92%"
"09/28/2023","3.2704","3.2559","3.3160","3.2465","62.46K","0.25%"
"09/27/2023","3.2621","3.1940","3.2739","3.1717","65.19K","2.86%"
"09/26/2023","3.1713","3.2037","3.2093","3.1259","64.95K","-0.90%"
"09/25/2023","3.2001","3.2654","3.2806","3.1855","61.65K","-1.15%"
"09/22/2023","3.2373","3.2892","3.3462","3.2345","67.74K","-1.66%"
"09/21/2023","3.2920","3.2367","3.3893","3.2220","81.39K","1.43%"
"09/20/2023","3.2456","3.3192","3.3322","3.2161","59.15K","-1.42%"
"09/19/2023","3.2925","3.2307","3.3269","3.2148","66.02K","2.10%"
"09/18/2023","3.2247","3.3188","3.3346","3.2075","56.82K","-2.53%"
"09/15/2023","3.3083","3.3934","3.4109","3.3003","59.42K","-2.57%"
"09/14/2023","3.3956","3.3440","3.4178","3.3150","60.54K","1.54%"
"09/13/2023","3.3441","3.2509","3.3501","3.2501","66.79K","2.74%"
"09/12/2023","3.2550","3.2743","3.3031","3.2386","49.77K","-0.65%"
"09/11/2023","3.2763","3.2105","3.3028","3.1895","53.03K","1.91%"
"09/08/2023","3.2149","3.1529","3.2417","3.1411","53.62K","2.22%"
"09/07/2023","3.1451","3.1309","3.1599","3.0949","35.04K","0.52%"
"09/06/2023","3.1288","3.1520","3.1528","3.0715","38.73K","-0.51%"
"09/05/2023","3.1448","3.0482","3.1738","3.0284","56.74K","0.26%"
"09/04/2023","3.1368","3.1143","3.1444","3.0911","","0.70%"
"09/03/2023","3.1151","3.1162","3.1196","3.1138","","2.53%"
"09/01/2023","3.0383","3.0333","3.0884","3.0319","47.06K","-2.40%"
"08/31/2023","3.1131","3.0657","3.1236","3.0325","66.81K","1.54%"
"08/30/2023","3.0658","3.1619","3.1801","3.0588","77.93K","-3.36%"
"08/29/2023","3.1725","3.1536","3.1935","3.1164","54.80K","0.04%"
"08/28/2023","3.1711","3.2705","3.2775","3.1501","73.29K","-2.94%"
"08/25/2023","3.2673","3.1193","3.2966","3.1181","82.96K","4.48%"
"08/24/2023","3.1271","3.0893","3.1322","3.0738","49.18K","0.81%"
"08/23/2023","3.1021","3.1156","3.1405","3.0714","49.58K","-0.33%"
"08/22/2023","3.1125","3.1060","3.1305","3.0705","49.63K","0.69%"
"08/21/2023","3.0912","3.1366","3.1641","3.0850","51.65K","-1.17%"
"08/18/2023","3.1279","3.0677","3.1429","3.0566","63.03K","1.96%"
"08/17/2023","3.0679","2.9964","3.0877","2.9822","43.76K","2.37%"
"08/16/2023","2.9970","3.0159","3.0405","2.9911","49.69K","-0.46%"
"08/15/2023","3.0110","3.0604","3.0720","2.9938","39.25K","-1.86%"
"08/14/2023","3.0682","3.0882","3.1065","3.0379","44.26K","-0.89%"
"08/11/2023","3.0959","3.1199","3.1631","3.0859","46.11K","-0.82%"
"08/10/2023","3.1214","3.1724","3.1928","3.0942","39.51K","-1.55%"
"08/09/2023","3.1707","3.0593","3.1780","3.0539","54.01K","3.67%"
"08/08/2023","3.0585","3.0117","3.0647","2.9174","47.83K","2.14%"
"08/07/2023","2.9944","3.0467","3.0577","2.9915","28.63K","-1.41%"
"08/04/2023","3.0373","3.0533","3.0599","3.0131","36.47K","-0.20%"
"08/03/2023","3.0433","2.9875","3.0572","2.9374","43.37K","2.26%"
"08/02/2023","2.9761","3.0269","3.0479","2.9394","47.89K","-0.45%"
"08/01/2023","2.9895","2.9597","3.0263","2.9459","54.11K","0.13%"
"07/31/2023","2.9855","2.9548","3.0054","2.9222","57.10K","1.21%"
"07/28/2023","2.9498","2.9017","2.9651","2.8777","64.39K","1.41%"
"07/27/2023","2.9088","2.8402","2.9153","2.8336","71.75K","2.54%"
"07/26/2023","2.8367","2.7640","2.8435","2.7526","65.31K","2.28%"
"07/25/2023","2.7734","2.7678","2.7862","2.7264","60.01K","0.34%"
"07/24/2023","2.7640","2.7407","2.8279","2.7149","79.18K","0.95%"
"07/21/2023","2.7380","2.6643","2.7435","2.6614","56.29K","3.03%"
"07/20/2023","2.6574","2.6370","2.6651","2.6138","46.34K","0.83%"
"07/19/2023","2.6355","2.6080","2.6681","2.5933","59.47K","1.60%"
"07/18/2023","2.5941","2.5619","2.6065","2.5529","36.86K","1.40%"
"07/17/2023","2.5584","2.5758","2.6127","2.5454","36.24K","-1.20%"
"07/14/2023","2.5894","2.6098","2.6278","2.5672","48.50K","-0.58%"
"07/13/2023","2.6046","2.5996","2.6248","2.5752","49.53K","0.49%"
"07/12/2023","2.5920","2.5680","2.6151","2.5627","52.97K","0.67%"
"07/11/2023","2.5747","2.5442","2.5849","2.5345","32.46K","1.36%"
"07/10/2023","2.5401","2.5444","2.5682","2.5169","32.83K","-0.07%"
"07/07/2023","2.5420","2.4762","2.5456","2.4688","38.82K","2.98%"
"07/06/2023","2.4685","2.4851","2.4881","2.4226","36.88K","-0.57%"
"07/05/2023","2.4827","2.3861","2.4951","2.3832","49.82K","1.98%"
"07/04/2023","2.4345","2.3896","2.4479","2.3852","","2.50%"
"07/03/2023","2.3751","2.4351","2.4609","2.3731","26.81K","-2.96%"
"06/30/2023","2.4476","2.4087","2.4535","2.3879","55.69K","1.68%"
"06/29/2023","2.4072","2.3847","2.4395","2.3783","41.53K","0.52%"
"06/28/2023","2.3948","2.3935","2.4131","2.3467","54.28K","0.98%"
"06/27/2023","2.3716","2.4220","2.4468","2.3623","67.93K","-1.70%"
"06/26/2023","2.4127","2.3879","2.4331","2.3743","61.59K","1.68%"
"06/23/2023","2.3729","2.4132","2.4156","2.3432","55.24K","-1.68%"
"06/22/2023","2.4135","2.4872","2.4978","2.3963","69.14K","-3.28%"
"06/21/2023","2.4954","2.4305","2.5028","2.4092","70.55K","2.41%"
"06/20/2023","2.4367","2.5069","2.5069","2.4074","70.06K","-2.90%"
"06/19/2023","2.5094","2.5446","2.5450","2.4980","","-1.39%"
"06/18/2023","2.5447","2.5530","2.5530","2.5429","","1.59%"
"06/16/2023","2.5048","2.4536","2.5081","2.4456","58.29K","2.05%"
"06/15/2023","2.4544","2.3465","2.4613","2.3287","47.32K","4.80%"
"06/14/2023","2.3419","2.3754","2.4111","2.3358","44.90K","-1.56%"
"06/13/2023","2.3789","2.3015","2.3940","2.3015","39.74K","3.52%"
"06/12/2023","2.2981","2.3495","2.3496","2.2876","32.93K","-2.37%"
"06/09/2023","2.3538","2.3756","2.3964","2.3523","21.23K","-1.18%"
"06/08/2023","2.3820","2.3979","2.4192","2.3127","39.20K","-0.63%"
"06/07/2023","2.3970","2.3573","2.4093","2.3432","33.66K","1.32%"
"06/06/2023","2.3657","2.3718","2.3803","2.3247","20.76K","-0.37%"
"06/05/2023","2.3746","2.4071","2.4260","2.3623","22.29K","0.87%"
"06/02/2023","2.3542","2.3135","2.3752","2.3084","25.52K","1.85%"
"06/01/2023","2.3114","2.2451","2.3340","2.2382","28.79K","2.69%"
"05/31/2023","2.2509","2.2832","2.2839","2.2268","43.16K","-0.80%"
"05/30/2023","2.2690","2.3677","2.3766","2.2649","64.44K","-4.23%"
"05/29/2023","2.3692","2.3635","2.3635","2.3385","0.38K","0.59%"
"05/26/2023","2.3554","2.3340","2.3780","2.3210","54.14K","0.80%"
"05/25/2023","2.3366","2.3971","2.4031","2.3082","44.70K","-2.72%"
"05/24/2023","2.4019","2.3696","2.4086","2.3643","48.74K","2.10%"
"05/23/2023","2.3525","2.3583","2.3945","2.3442","46.35K","-0.14%"
"05/22/2023","2.3558","2.3559","2.3700","2.3191","38.38K","0.14%"
"05/19/2023","2.3524","2.3919","2.4288","2.3447","48.75K","-1.38%"
"05/18/2023","2.3854","2.4072","2.4106","2.3614","38.01K","-0.92%"
"05/17/2023","2.4075","2.3440","2.4143","2.3267","40.05K","2.59%"
"05/16/2023","2.3467","2.3639","2.3769","2.3277","30.01K","-0.55%"
"05/15/2023","2.3597","2.2983","2.3690","2.2739","38.99K","2.70%"
"05/12/2023","2.2976","2.3522","2.3522","2.2936","27.51K","-1.94%"
"05/11/2023","2.3430","2.3901","2.4158","2.3379","32.75K","-1.92%"
"05/10/2023","2.3888","2.3944","2.4052","2.3653","36.03K","-0.13%"
"05/09/2023","2.3919","2.3655","2.3949","2.3258","24.16K","0.53%"
"05/08/2023","2.3794","2.3183","2.3862","2.3160","22.32K","2.61%"
"05/05/2023","2.3189","2.2444","2.3287","2.2347","24.42K","3.39%"
"05/04/2023","2.2428","2.2150","2.2733","2.1550","24.95K","0.37%"
"05/03/2023","2.2345","2.2961","2.2999","2.2068","27.38K","-2.49%"
"05/02/2023","2.2915","2.3842","2.3989","2.2761","28.20K","-3.88%"
"05/01/2023","2.3840","2.3747","2.3903","2.3321","22.27K","0.29%"
"04/28/2023","2.3771","2.3555","2.3943","2.3261","54.17K","1.05%"
"04/27/2023","2.3525","2.3701","2.3885","2.3324","57.62K","-0.70%"
"04/26/2023","2.3692","2.4463","2.4676","2.3650","57.80K","-3.21%"
"04/25/2023","2.4477","2.5190","2.5377","2.4429","60.52K","-2.97%"
"04/24/2023","2.5226","2.4908","2.5363","2.4470","60.66K","1.75%"
"04/21/2023","2.4792","2.4777","2.5077","2.4614","40.32K","-0.06%"
"04/20/2023","2.4808","2.5346","2.5346","2.4608","51.09K","-2.33%"
"04/19/2023","2.5401","2.5781","2.5823","2.5246","43.31K","-1.60%"
"04/18/2023","2.5815","2.5957","2.6057","2.5598","46.63K","-0.26%"
"04/17/2023","2.5882","2.6160","2.6277","2.5650","49.39K","-1.05%"
"04/14/2023","2.6156","2.6461","2.6467","2.6046","50.32K","-0.79%"
"04/13/2023","2.6363","2.6588","2.6703","2.6271","35.12K","-0.89%"
"04/12/2023","2.6600","2.6212","2.6746","2.6067","43.12K","1.41%"
"04/11/2023","2.6230","2.6282","2.6492","2.5796","47.55K","-0.22%"
"04/10/2023","2.6287","2.6180","2.6499","2.5916","32.77K","0.63%"
"04/06/2023","2.6122","2.6725","2.6753","2.6083","54.77K","-2.23%"
"04/05/2023","2.6717","2.6388","2.6780","2.6098","53.38K","1.83%"
"04/04/2023","2.6237","2.6196","2.6537","2.5736","44.93K","0.21%"
"04/03/2023","2.6183","2.6893","2.7095","2.6064","43.64K","-0.09%"
"03/31/2023","2.6206","2.5716","2.6253","2.5576","47.92K","2.22%"
"03/30/2023","2.5638","2.5557","2.5948","2.5426","56.44K","-0.11%"
"03/29/2023","2.5665","2.6390","2.6562","2.5527","73.73K","-3.01%"
"03/28/2023","2.6461","2.6414","2.6811","2.6240","60.89K","-0.20%"
"03/27/2023","2.6515","2.5850","2.6608","2.5656","64.27K","3.05%"
"03/24/2023","2.5730","2.5740","2.6074","2.5035","59.57K","0.01%"
"03/23/2023","2.5727","2.5838","2.6281","2.5592","60.18K","-1.29%"
"03/22/2023","2.6063","2.5709","2.6374","2.5438","61.32K","1.30%"
"03/21/2023","2.5729","2.5571","2.5793","2.5112","48.04K","0.59%"
"03/20/2023","2.5578","2.5400","2.5718","2.4575","45.13K","0.42%"
"03/17/2023","2.5472","2.5300","2.6102","2.5038","52.18K","0.45%"
"03/16/2023","2.5358","2.5162","2.5467","2.4238","46.45K","1.17%"
"03/15/2023","2.5065","2.6350","2.6600","2.4469","50.92K","-4.49%"
"03/14/2023","2.6243","2.6990","2.7065","2.6115","34.74K","-2.26%"
"03/13/2023","2.6850","2.7229","2.7515","2.5934","44.07K","-1.24%"
"03/10/2023","2.7188","2.6297","2.7374","2.5971","44.61K","3.21%"
"03/09/2023","2.6342","2.6997","2.7363","2.6289","39.20K","-2.68%"
"03/08/2023","2.7068","2.7376","2.7588","2.6812","35.56K","-1.64%"
"03/07/2023","2.7518","2.8463","2.8578","2.7343","37.83K","-3.07%"
"03/06/2023","2.8390","2.8439","2.8482","2.7845","29.65K","-0.57%"
"03/03/2023","2.8553","2.8022","2.8594","2.7486","27.54K","1.63%"
"03/02/2023","2.8096","2.8089","2.8455","2.7803","39.48K","-0.09%"
"03/01/2023","2.8122","2.7439","2.8136","2.7402","25.65K","0.24%"
"02/28/2023","2.8056","2.8013","2.8461","2.7685","45.22K","0.19%"
"02/27/2023","2.8003","2.7703","2.8144","2.7567","58.19K","1.20%"
"02/24/2023","2.7671","2.7030","2.7795","2.6662","63.28K","2.84%"
"02/23/2023","2.6908","2.6875","2.7288","2.6517","65.05K","-0.41%"
"02/22/2023","2.7018","2.7728","2.7882","2.6869","48.48K","-2.59%"
"02/21/2023","2.7736","2.7185","2.7947","2.6807","62.96K","0.73%"
"02/20/2023","2.7534","2.7367","2.7817","2.7182","","0.61%"
"02/19/2023","2.7368","2.7396","2.7399","2.7305","","1.30%"
"02/17/2023","2.7018","2.7753","2.7798","2.6467","52.16K","-3.20%"
"02/16/2023","2.7911","2.8183","2.8593","2.7657","37.08K","-0.99%"
"02/15/2023","2.8190","2.8852","2.8871","2.7812","45.88K","-3.08%"
"02/14/2023","2.9086","2.8512","2.9150","2.8209","45.32K","1.21%"
"02/13/2023","2.8739","2.8461","2.8880","2.7902","36.56K","1.29%"
"02/10/2023","2.8372","2.7843","2.8792","2.7702","41.76K","1.86%"
"02/09/2023","2.7853","2.8647","2.8917","2.7600","37.78K","-2.53%"
"02/08/2023","2.8576","2.8573","2.9177","2.8265","53.00K","0.27%"
"02/07/2023","2.8500","2.7298","2.8572","2.7178","44.70K","4.72%"
"02/06/2023","2.7215","2.7337","2.7647","2.6350","42.82K","-0.10%"
"02/03/2023","2.7242","2.8369","2.8626","2.7162","40.78K","-3.66%"
"02/02/2023","2.8278","2.8904","2.9030","2.8230","38.21K","-1.74%"
"02/01/2023","2.8780","3.0349","3.0487","2.8564","47.25K","-8.48%"
"01/31/2023","3.1448","3.0560","3.1578","3.0068","54.36K","2.78%"
"01/30/2023","3.0598","3.2000","3.2137","3.0534","68.69K","-3.94%"
"01/27/2023","3.1852","3.2983","3.3408","3.1692","71.70K","-3.35%"
"01/26/2023","3.2957","3.2596","3.3247","3.2170","48.29K","1.10%"
"01/25/2023","3.2598","3.3518","3.4012","3.2352","69.35K","-1.98%"
"01/24/2023","3.3258","3.4379","3.4664","3.3147","61.73K","-3.25%"
"01/23/2023","3.4374","3.3602","3.4507","3.3433","55.16K","2.36%"
"01/20/2023","3.3583","3.2918","3.3699","3.2609","65.81K","2.36%"
"01/19/2023","3.2808","3.1745","3.2908","3.1347","68.00K","3.07%"
"01/18/2023","3.1831","3.1870","3.2544","3.1527","44.74K","0.44%"
"01/17/2023","3.1691","3.1845","3.2198","3.1391","58.70K","-2.71%"
"01/16/2023","3.2573","3.2628","3.2788","3.2434","","-0.17%"
"01/15/2023","3.2630","3.2763","3.2769","3.2630","","3.10%"
"01/13/2023","3.1649","3.1248","3.1848","3.1063","44.09K","1.45%"
"01/12/2023","3.1198","3.0811","3.1558","3.0581","50.11K","0.76%"
"01/11/2023","3.0962","2.9954","3.1126","2.9740","63.36K","2.77%"
"01/10/2023","3.0127","2.9522","3.0335","2.9259","53.76K","2.01%"
"01/09/2023","2.9534","2.9338","3.0179","2.9226","42.98K","1.10%"
"01/06/2023","2.9214","2.9029","2.9639","2.8780","35.29K","1.00%"
"01/05/2023","2.8925","2.9128","2.9740","2.8500","45.90K","0.02%"
"01/04/2023","2.8918","2.9968","3.0044","2.8539","37.38K","-3.55%"
"01/03/2023","2.9982","3.1665","3.2140","2.9908","33.64K","-9.45%"
"01/02/2023","3.3112","3.3009","3.3184","3.2971","","0.49%"
"12/30/2022","3.2950","3.2750","3.3105","3.2221","39.58K","0.97%"
"12/29/2022","3.2633","3.2879","3.2891","3.1884","46.09K","-1.11%"
"12/28/2022","3.2999","3.3463","3.3505","3.1860","45.79K","-0.40%"
"12/27/2022","3.3131","3.2338","3.3543","3.2016","50.62K","0.11%"
"12/26/2022","3.3096","3.2590","3.3096","3.2548","","2.95%"
"12/23/2022","3.2148","3.1140","3.2529","3.0805","44.26K","3.86%"
"12/22/2022","3.0954","3.1511","3.1830","3.0816","38.59K","-0.43%"
"12/21/2022","3.1088","3.0334","3.1526","3.0211","39.15K","2.63%"
"12/20/2022","3.0291","3.0648","3.0648","2.9682","35.43K","0.37%"
"12/19/2022","3.0179","3.0750","3.1267","3.0152","37.40K","-1.84%"
"12/16/2022","3.0746","3.2140","3.2242","3.0683","43.88K","-4.36%"
"12/15/2022","3.2146","3.2182","3.2580","3.1786","45.57K","-0.47%"
"12/14/2022","3.2298","3.0550","3.2367","3.0458","47.73K","5.57%"
"12/13/2022","3.0594","2.9338","3.0816","2.9220","38.28K","4.07%"
"12/12/2022","2.9397","2.8008","2.9683","2.7652","45.82K","5.82%"
"12/09/2022","2.7780","2.8388","2.8613","2.7517","38.36K","-2.36%"
"12/08/2022","2.8450","2.7667","2.8667","2.7650","48.44K","2.84%"
"12/07/2022","2.7665","2.8941","2.9111","2.7555","49.41K","-4.17%"
"12/06/2022","2.8869","2.9702","2.9985","2.8544","36.42K","-2.80%"
"12/05/2022","2.9702","3.1414","3.1995","2.9625","45.65K","-5.09%"
"12/02/2022","3.1294","3.2122","3.2595","3.1100","33.28K","-2.60%"
"12/01/2022","3.2129","3.2854","3.3439","3.1979","40.75K","-4.48%"
"11/30/2022","3.3635","3.2665","3.3684","3.2450","49.97K","3.69%"
"11/29/2022","3.2439","3.1231","3.2760","3.1082","63.13K","2.94%"
"11/28/2022","3.1514","3.2077","3.2077","3.1110","57.39K","-0.53%"
"11/25/2022","3.1683","3.2571","3.3580","3.1644","36.80K","-6.20%"
"11/24/2022","3.3777","3.3483","3.3964","3.3334","","3.08%"
"11/23/2022","3.2768","3.3785","3.3982","3.2594","57.74K","-2.66%"
"11/22/2022","3.3664","3.3725","3.4185","3.3515","42.98K","-0.36%"
"11/21/2022","3.3787","3.3880","3.4026","3.2524","35.56K","-0.53%"
"11/18/2022","3.3968","3.4008","3.4233","3.2926","36.42K","-0.01%"
"11/17/2022","3.3970","3.4975","3.5007","3.3576","34.41K","-2.49%"
"11/16/2022","3.4839","3.5122","3.5362","3.4545","27.32K","-0.74%"
"11/15/2022","3.5099","3.4441","3.5789","3.4207","34.47K","2.36%"
"11/14/2022","3.4290","3.4779","3.5576","3.4150","32.06K","-0.63%"
"11/11/2022","3.4507","3.4236","3.5508","3.4030","38.50K","0.52%"
"11/10/2022","3.4327","3.4784","3.5208","3.4250","39.96K","-1.68%"
"11/09/2022","3.4913","3.6070","3.6082","3.4698","33.82K","-2.86%"
"11/08/2022","3.5940","3.6143","3.6970","3.5800","32.03K","-0.57%"
"11/07/2022","3.6145","3.6651","3.6941","3.6065","33.18K","-2.23%"
"11/04/2022","3.6971","3.6537","3.7173","3.6370","28.23K","1.32%"
"11/03/2022","3.6490","3.5415","3.6680","3.4881","38.85K","3.09%"
"11/02/2022","3.5396","3.4727","3.5484","3.4182","29.87K","2.03%"
"11/01/2022","3.4691","3.5050","3.5777","3.4550","33.11K","-5.58%"
"10/31/2022","3.6741","3.7605","3.7831","3.6271","51.23K","-1.91%"
"10/28/2022","3.7455","3.7131","3.8129","3.6814","56.28K","1.05%"
"10/27/2022","3.7067","3.7146","3.7210","3.6423","47.22K","0.82%"
"10/26/2022","3.6766","3.5633","3.7302","3.5317","56.78K","2.63%"
"10/25/2022","3.5823","3.6056","3.6161","3.5195","42.57K","0.42%"
"10/24/2022","3.5672","3.5440","3.6452","3.5222","44.55K","0.39%"
"10/21/2022","3.5532","3.4995","3.5820","3.4435","49.31K","1.99%"
"10/20/2022","3.4838","3.5307","3.6305","3.4576","50.81K","-2.16%"
"10/19/2022","3.5606","3.6346","3.6524","3.5082","49.72K","-1.89%"
"10/18/2022","3.6291","3.7264","3.7358","3.6005","46.32K","-1.58%"
"10/17/2022","3.6873","3.6134","3.7074","3.6031","41.23K","2.35%"
"10/14/2022","3.6026","3.6854","3.7119","3.5735","41.37K","-2.83%"
"10/13/2022","3.7076","3.6127","3.7153","3.5450","51.16K","2.37%"
"10/12/2022","3.6216","3.6091","3.6867","3.5500","66.82K","-0.04%"
"10/11/2022","3.6230","3.6465","3.6583","3.5028","58.92K","-1.82%"
"10/10/2022","3.6903","3.8268","3.8315","3.6426","51.88K","-2.53%"
"10/07/2022","3.7860","3.6860","3.8141","3.6477","45.86K","3.14%"
"10/06/2022","3.6707","3.5648","3.7023","3.4834","55.93K","3.29%"
"10/05/2022","3.5539","3.3905","3.5699","3.3459","61.96K","4.85%"
"10/04/2022","3.3895","3.2462","3.4000","3.2374","51.56K","4.24%"
"10/03/2022","3.2515","3.1728","3.2626","3.1728","45.58K","0.93%"
"09/30/2022","3.2216","3.2899","3.2929","3.1943","46.91K","-2.23%"
"09/29/2022","3.2952","3.3332","3.3785","3.2744","50.09K","-1.26%"
"09/28/2022","3.3372","3.1579","3.3434","3.0929","73.09K","5.51%"
"09/27/2022","3.1629","3.0650","3.1941","3.0408","56.86K","3.82%"
"09/26/2022","3.0464","3.1614","3.1865","3.0287","53.62K","-3.52%"
"09/23/2022","3.1575","3.3224","3.3246","3.1281","53.04K","-4.91%"
"09/22/2022","3.3207","3.2560","3.3888","3.2302","59.45K","1.82%"
"09/21/2022","3.2615","3.3042","3.4280","3.1980","55.08K","-1.29%"
"09/20/2022","3.3040","3.2683","3.3236","3.2331","53.67K","1.39%"
"09/19/2022","3.2588","3.1402","3.2698","3.0925","51.00K","3.91%"
"09/16/2022","3.1363","3.1850","3.2305","3.1259","37.55K","-1.11%"
"09/15/2022","3.1716","3.3494","3.3553","3.1168","58.56K","-5.00%"
"09/14/2022","3.3384","3.4992","3.5055","3.2900","58.96K","-4.41%"
"09/13/2022","3.4924","3.5455","3.6011","3.4388","30.22K","-1.51%"
"09/12/2022","3.5459","3.5252","3.6407","3.5008","27.94K","0.78%"
"09/09/2022","3.5184","3.4682","3.5488","3.4528","30.27K","1.37%"
"09/08/2022","3.4707","3.4950","3.5358","3.4175","31.66K","-1.16%"
"09/07/2022","3.5115","3.5088","3.5509","3.4366","30.68K","0.04%"
"09/06/2022","3.5102","3.5808","3.6996","3.4753","35.08K","-5.26%"
"09/05/2022","3.7050","3.7077","3.7754","3.6664","","-0.07%"
"09/04/2022","3.7077","3.6436","3.7083","3.6431","","5.60%"
"09/02/2022","3.5112","3.4984","3.6091","3.4576","32.47K","0.37%"
"09/01/2022","3.4984","3.5892","3.5892","3.3919","36.14K","-4.61%"
"08/31/2022","3.6674","3.7889","3.8332","3.6176","40.51K","-2.92%"
"08/30/2022","3.7778","3.8643","3.8989","3.6841","54.66K","-1.92%"
"08/29/2022","3.8516","3.9262","3.9493","3.8245","49.87K","-2.12%"
"08/26/2022","3.9352","3.8912","3.9728","3.8800","40.34K","1.36%"
"08/25/2022","3.8823","3.9845","4.0392","3.8675","52.59K","-2.08%"
"08/24/2022","3.9649","3.7996","3.9825","3.7739","50.61K","4.22%"
"08/23/2022","3.8045","3.7352","3.8270","3.7155","42.14K","1.77%"
"08/22/2022","3.7384","3.6600","3.7422","3.6078","43.33K","2.12%"
"08/19/2022","3.6609","3.6086","3.6954","3.5266","36.83K","1.60%"
"08/18/2022","3.6033","3.5597","3.6385","3.5375","40.71K","0.98%"
"08/17/2022","3.5682","3.4484","3.5716","3.4196","40.87K","3.58%"
"08/16/2022","3.4448","3.4098","3.4777","3.3908","25.29K","0.87%"
"08/15/2022","3.4152","3.4866","3.4989","3.3491","26.57K","-2.04%"
"08/12/2022","3.4862","3.4504","3.5152","3.4204","26.58K","0.96%"
"08/11/2022","3.4531","3.3708","3.4886","3.3530","32.37K","2.29%"
"08/10/2022","3.3757","3.3210","3.3954","3.2178","26.81K","2.23%"
"08/09/2022","3.3022","3.1624","3.3215","3.1624","39.09K","4.48%"
"08/08/2022","3.1605","3.1795","3.2004","3.1167","34.58K","-0.79%"
"08/05/2022","3.1856","3.2593","3.2876","3.1522","34.17K","-3.44%"
"08/04/2022","3.2992","3.3794","3.4060","3.2433","26.15K","-2.07%"
"08/03/2022","3.3691","3.3265","3.4553","3.3000","27.30K","0.89%"
"08/02/2022","3.3395","3.3856","3.4031","3.2876","24.20K","-1.52%"
"08/01/2022","3.3909","3.5103","3.5103","3.3541","33.68K","-4.45%"
"07/29/2022","3.5490","3.6361","3.7055","3.5302","41.36K","-1.79%"
"07/28/2022","3.6138","3.6512","3.7308","3.5711","43.22K","-0.82%"
"07/27/2022","3.6438","3.5323","3.6665","3.4983","40.54K","3.36%"
"07/26/2022","3.5255","3.4444","3.5591","3.4399","40.65K","1.90%"
"07/25/2022","3.4597","3.4080","3.5020","3.3288","53.20K","1.94%"
"07/22/2022","3.3940","3.5120","3.5851","3.3675","49.59K","-3.68%"
"07/21/2022","3.5236","3.5778","3.5778","3.3721","46.47K","-0.93%"
"07/20/2022","3.5565","3.5730","3.6073","3.4724","37.18K","-0.34%"
"07/19/2022","3.5688","3.5638","3.6051","3.4571","37.32K","-0.54%"
"07/18/2022","3.5881","3.6267","3.6835","3.5397","34.82K","-0.80%"
"07/15/2022","3.6169","3.5676","3.6560","3.5104","28.42K","1.50%"
"07/14/2022","3.5635","3.6092","3.6354","3.4198","32.14K","-0.50%"
"07/13/2022","3.5813","3.5572","3.6540","3.5195","33.15K","0.40%"
"07/12/2022","3.5671","3.6713","3.6943","3.5002","31.24K","-3.17%"
"07/11/2022","3.6838","3.6082","3.7171","3.5465","37.35K","2.49%"
"07/08/2022","3.5943","3.6033","3.6237","3.4712","39.53K","0.01%"
"07/07/2022","3.5939","3.3607","3.6294","3.3094","41.56K","7.39%"
"07/06/2022","3.3466","3.5672","3.5989","3.2946","41.16K","-5.49%"
"07/05/2022","3.5410","3.8699","3.9070","3.5045","47.55K","-10.46%"
"07/04/2022","3.9546","3.9626","3.9856","3.8616","","-0.19%"
"07/03/2022","3.9623","3.9475","3.9678","3.9466","","2.62%"
"07/01/2022","3.8612","3.7914","3.9461","3.7433","30.70K","0.80%"
"06/30/2022","3.8305","3.9514","4.0016","3.7448","47.69K","-3.18%"
"06/29/2022","3.9563","4.1145","4.1579","3.9335","53.33K","-3.85%"
"06/28/2022","4.1147","4.1600","4.2210","3.9482","56.57K","-0.11%"
"06/27/2022","4.1192","4.2229","4.2585","4.1092","50.73K","-2.96%"
"06/24/2022","4.2448","4.2080","4.2752","4.1769","38.79K","0.66%"
"06/23/2022","4.2170","4.2495","4.3039","4.1510","43.35K","-1.49%"
"06/22/2022","4.2808","4.2526","4.2904","4.0971","47.78K","1.17%"
"06/21/2022","4.2313","4.2123","4.4053","4.1799","50.93K","-5.71%"
"06/20/2022","4.4874","4.3819","4.4893","4.3111","","2.41%"
"06/19/2022","4.3819","4.3835","4.3980","4.3793","","4.11%"
"06/17/2022","4.2091","4.4126","4.4898","4.1702","49.27K","-4.73%"
"06/16/2022","4.4181","4.3762","4.4300","4.2764","33.68K","0.39%"
"06/15/2022","4.4008","4.2620","4.4573","4.2256","47.08K","3.18%"
"06/14/2022","4.2653","4.1697","4.3361","4.1430","38.11K","2.08%"
"06/13/2022","4.1785","4.2594","4.2675","4.0924","40.76K","-1.87%"
"06/10/2022","4.2582","4.3121","4.3993","4.2127","30.78K","-1.10%"
"06/09/2022","4.3056","4.2379","4.3560","4.1633","44.52K","2.03%"
"06/08/2022","4.2198","4.2138","4.2471","4.1794","47.06K","0.29%"
"06/07/2022","4.2075","4.2450","4.2675","4.1400","48.68K","-0.51%"
"06/06/2022","4.2292","4.2170","4.2725","4.1375","38.73K","1.79%"
"06/03/2022","4.1549","4.1397","4.2200","4.0740","35.20K","1.30%"
"06/02/2022","4.1017","4.0465","4.1566","3.9225","42.52K","1.73%"
"06/01/2022","4.0319","3.9198","4.0585","3.8833","38.28K","2.46%"
"05/31/2022","3.9350","3.9265","4.1647","3.9010","59.41K","-1.29%"
"05/30/2022","3.9863","3.9244","3.9913","3.9011","","1.57%"
"05/29/2022","3.9245","3.9120","3.9245","3.9092","","0.49%"
"05/27/2022","3.9053","3.8692","3.9220","3.8028","40.87K","1.42%"
"05/26/2022","3.8505","3.7516","3.8768","3.7413","36.98K","2.70%"
"05/25/2022","3.7491","3.6576","3.7704","3.6463","48.04K","2.59%"
"05/24/2022","3.6543","3.6497","3.7150","3.5765","42.65K","0.30%"
"05/23/2022","3.6434","3.6236","3.6734","3.5752","36.75K","0.60%"
"05/20/2022","3.6218","3.6672","3.6914","3.6161","31.34K","-1.24%"
"05/19/2022","3.6671","3.5606","3.6764","3.4274","38.95K","2.74%"
"05/18/2022","3.5693","3.7065","3.7344","3.5255","46.80K","-3.34%"
"05/17/2022","3.6928","3.7714","3.8324","3.6747","42.49K","-2.15%"
"05/16/2022","3.7738","3.7739","3.8010","3.6802","33.77K","0.35%"
"05/13/2022","3.7608","3.7393","3.8242","3.7184","30.00K","0.66%"
"05/12/2022","3.7363","3.7693","3.7883","3.6165","39.12K","-0.49%"
"05/11/2022","3.7546","3.6715","3.8150","3.6649","45.88K","2.05%"
"05/10/2022","3.6793","3.6391","3.7334","3.5786","39.93K","0.70%"
"05/09/2022","3.6539","3.8254","3.8303","3.6167","42.60K","-3.56%"
"05/06/2022","3.7888","3.8345","3.8618","3.7396","44.72K","-0.83%"
"05/05/2022","3.8204","3.8877","3.9282","3.7914","42.22K","-1.59%"
"05/04/2022","3.8822","3.7504","3.9111","3.7504","32.24K","3.77%"
"05/03/2022","3.7413","3.8574","3.8701","3.6947","37.90K","-2.35%"
"05/02/2022","3.8314","3.6726","3.8846","3.6207","27.67K","-4.63%"
"04/29/2022","4.0172","3.9997","4.1771","3.9779","42.61K","0.22%"
"04/28/2022","4.0084","3.9468","4.0390","3.8837","47.99K","1.76%"
"04/27/2022","3.9391","3.8256","3.9607","3.7453","39.46K","3.19%"
"04/26/2022","3.8173","3.6992","3.8654","3.6258","51.28K","4.47%"
"04/25/2022","3.6541","3.6255","3.6875","3.4818","40.68K","0.50%"
"04/22/2022","3.6358","3.6361","3.6793","3.5583","35.66K","0.25%"
"04/21/2022","3.6267","3.6649","3.7014","3.5676","39.08K","-1.11%"
"04/20/2022","3.6674","3.5815","3.6832","3.5670","39.35K","2.52%"
"04/19/2022","3.5772","3.6471","3.6680","3.5033","31.17K","-1.82%"
"04/18/2022","3.6435","3.6871","3.7500","3.5813","30.56K","-0.02%"
"04/14/2022","3.6442","3.5857","3.6989","3.4740","34.98K","3.30%"
"04/13/2022","3.5277","3.3477","3.5807","3.3141","42.49K","6.00%"
"04/12/2022","3.3280","3.1700","3.3499","3.1623","32.73K","5.92%"
"04/11/2022","3.1420","3.2100","3.2267","3.0979","27.29K","-1.77%"
"04/08/2022","3.1985","3.1910","3.2136","3.1225","29.53K","1.77%"
"04/07/2022","3.1428","3.2075","3.2366","3.0583","36.13K","-0.75%"
"04/06/2022","3.1665","3.2724","3.3578","3.1514","25.30K","-3.41%"
"04/05/2022","3.2784","3.3478","3.3914","3.2231","27.55K","-1.45%"
"04/04/2022","3.3265","3.2145","3.3729","3.2145","22.90K","3.16%"
"04/01/2022","3.2245","3.2349","3.2653","3.1379","26.15K","-4.06%"
"03/31/2022","3.3609","3.4500","3.4790","3.2865","34.71K","-2.78%"
"03/30/2022","3.4570","3.4280","3.5687","3.3800","38.05K","2.00%"
"03/29/2022","3.3892","3.3803","3.5374","3.2114","39.89K","-1.85%"
"03/28/2022","3.4532","3.7465","3.7465","3.3451","43.03K","-7.94%"
"03/25/2022","3.7512","3.7990","3.8446","3.6097","43.70K","-1.36%"
"03/24/2022","3.8030","3.7826","3.8570","3.7183","41.48K","-0.37%"
"03/23/2022","3.8173","3.5555","3.8304","3.5460","38.99K","6.16%"
"03/22/2022","3.5958","3.5452","3.6157","3.4055","33.53K","1.72%"
"03/21/2022","3.5350","3.3971","3.6148","3.3704","35.36K","4.52%"
"03/18/2022","3.3821","3.3008","3.4050","3.2519","26.01K","2.68%"
"03/17/2022","3.2937","3.0301","3.3555","2.9949","28.90K","10.86%"
"03/16/2022","2.9710","2.9389","3.0730","2.9039","26.65K","0.86%"
"03/15/2022","2.9458","3.1252","3.1307","2.8635","31.41K","-6.53%"
"03/14/2022","3.1516","3.2880","3.3081","3.0916","24.09K","-4.30%"
"03/11/2022","3.2931","3.1986","3.3941","3.0714","33.94K","3.05%"
"03/10/2022","3.1957","3.4040","3.6442","3.1830","49.01K","-4.16%"
"03/09/2022","3.3344","4.3000","4.3138","3.1957","66.68K","-19.37%"
"03/08/2022","4.1355","3.7650","4.2135","3.6838","61.48K","11.53%"
"03/07/2022","3.7080","3.6050","4.0048","3.6039","49.19K","3.76%"
"03/04/2022","3.5736","3.3268","3.5910","3.2773","44.89K","7.35%"
"03/03/2022","3.3289","3.3554","3.6166","3.2231","37.42K","0.15%"
"03/02/2022","3.3238","3.1239","3.4117","3.0868","60.82K","9.40%"
"03/01/2022","3.0381","2.8533","3.1068","2.8450","49.03K","3.64%"
"02/28/2022","2.9313","2.8531","2.9811","2.8505","65.19K","4.47%"
"02/25/2022","2.8058","2.8572","2.9308","2.7687","82.63K","-1.71%"
"02/24/2022","2.8547","2.8072","3.0064","2.8015","97.46K","2.19%"
"02/23/2022","2.7934","2.7779","2.8285","2.7521","73.54K","0.10%"
"02/22/2022","2.7905","2.7670","2.8695","2.7237","83.05K","-0.62%"
"02/21/2022","2.8078","2.7834","2.8251","2.7253","","0.88%"
"02/20/2022","2.7832","2.7833","2.7889","2.7821","","1.23%"
"02/18/2022","2.7493","2.7384","2.7675","2.6728","75.58K","0.36%"
"02/17/2022","2.7395","2.7288","2.7810","2.7017","81.69K","-1.81%"
"02/16/2022","2.7901","2.7707","2.8173","2.7007","87.93K","0.93%"
"02/15/2022","2.7643","2.8274","2.8427","2.7250","55.96K","-3.02%"
"02/14/2022","2.8505","2.8202","2.8543","2.7643","50.06K","1.69%"
"02/11/2022","2.8031","2.7257","2.8301","2.7042","66.79K","2.77%"
"02/10/2022","2.7276","2.7301","2.7657","2.7058","51.48K","0.04%"
"02/09/2022","2.7264","2.7071","2.7365","2.6754","56.51K","1.07%"
"02/08/2022","2.6976","2.7537","2.7597","2.6641","79.51K","-1.95%"
"02/07/2022","2.7513","2.7631","2.7939","2.7393","69.77K","-0.32%"
"02/04/2022","2.7601","2.7141","2.7855","2.7112","56.99K","1.46%"
"02/03/2022","2.7204","2.6632","2.7240","2.6425","67.38K","1.78%"
"02/02/2022","2.6727","2.6605","2.6897","2.6387","42.82K","0.73%"
"02/01/2022","2.6534","2.6400","2.6648","2.5923","53.72K","-2.29%"
"01/31/2022","2.7157","2.7269","2.7573","2.6928","65.07K","0.12%"
"01/28/2022","2.7124","2.7500","2.7754","2.7038","89.39K","-0.19%"
"01/27/2022","2.7175","2.6884","2.7551","2.6710","103.02K","0.95%"
"01/26/2022","2.6919","2.6274","2.7051","2.6229","100.39K","2.38%"
"01/25/2022","2.6292","2.6064","2.6313","2.5770","99.80K","1.69%"
"01/24/2022","2.5854","2.6313","2.6610","2.5616","91.48K","-1.97%"
"01/21/2022","2.6373","2.6010","2.6434","2.5565","84.62K","0.34%"
"01/20/2022","2.6284","2.6175","2.6494","2.5921","97.43K","-0.30%"
"01/19/2022","2.6364","2.6534","2.6662","2.6105","75.32K","0.63%"
"01/18/2022","2.6200","2.5915","2.6555","2.5850","100.76K","-1.70%"
"01/17/2022","2.6652","2.6491","2.6755","2.6350","","0.60%"
"01/16/2022","2.6494","2.6471","2.6540","2.6471","","2.45%"
"01/14/2022","2.5860","2.5487","2.5937","2.5478","76.12K","1.14%"
"01/13/2022","2.5568","2.5492","2.5667","2.5275","81.54K","0.51%"
"01/12/2022","2.5437","2.5193","2.5591","2.5157","82.98K","0.88%"
"01/11/2022","2.5216","2.4497","2.5288","2.4473","67.31K","3.01%"
"01/10/2022","2.4478","2.4577","2.4844","2.4403","64.38K","-0.11%"
"01/07/2022","2.4506","2.4490","2.4712","2.4381","41.14K","0.05%"
"01/06/2022","2.4493","2.3991","2.4681","2.3867","47.90K","1.24%"
"01/05/2022","2.4192","2.3890","2.4350","2.3766","43.89K","1.34%"
"01/04/2022","2.3872","2.3399","2.3934","2.3343","40.21K","2.01%"
"01/03/2022","2.3401","2.3141","2.3549","2.2977","24.13K","0.64%"
"12/31/2021","2.3253","2.3730","2.3871","2.3155","37.98K","-2.56%"
"12/30/2021","2.3863","2.3696","2.3950","2.3519","41.75K","0.81%"
"12/29/2021","2.3672","2.3641","2.3946","2.3392","44.96K","0.26%"
"12/28/2021","2.3610","2.3507","2.3892","2.3391","43.17K","0.69%"
"12/27/2021","2.3449","2.3124","2.3665","2.2865","39.35K","0.93%"
"12/23/2021","2.3234","2.3064","2.3280","2.2813","52.49K","1.05%"
"12/22/2021","2.2992","2.2547","2.3067","2.2406","50.03K","2.12%"
"12/21/2021","2.2514","2.1855","2.2593","2.1659","49.94K","3.80%"
"12/20/2021","2.1689","2.2090","2.2112","2.1045","50.44K","-2.13%"
"12/17/2021","2.2162","2.2516","2.2595","2.1932","41.23K","-2.06%"
"12/16/2021","2.2628","2.2334","2.2737","2.2218","35.22K","2.07%"
"12/15/2021","2.2169","2.2071","2.2359","2.1847","36.99K","0.09%"
"12/14/2021","2.2148","2.2271","2.2501","2.1829","35.40K","-0.63%"
"12/13/2021","2.2288","2.2577","2.2778","2.2267","32.51K","-0.76%"
"12/10/2021","2.2458","2.2314","2.2658","2.2250","24.10K","0.11%"
"12/09/2021","2.2434","2.2584","2.2782","2.2253","34.90K","-0.52%"
"12/08/2021","2.2551","2.2280","2.2661","2.2062","28.63K","1.69%"
"12/07/2021","2.2176","2.1715","2.2297","2.1677","39.35K","2.54%"
"12/06/2021","2.1627","2.1005","2.1797","2.1005","27.77K","3.52%"
"12/03/2021","2.0891","2.1042","2.1503","2.0717","35.72K","-0.13%"
"12/02/2021","2.0919","2.0721","2.1213","1.9974","38.97K","1.19%"
"12/01/2021","2.0674","2.0805","2.1475","2.0500","29.47K","0.34%"
"11/30/2021","2.0603","2.1450","2.1738","2.0201","73.47K","-4.09%"
"11/29/2021","2.1482","2.1055","2.2278","2.1055","88.28K","2.75%"
"11/26/2021","2.0907","2.3749","2.3816","2.0843","90.66K","-11.46%"
"11/25/2021","2.3613","2.3788","2.3847","2.3599","","-0.76%"
"11/24/2021","2.3794","2.3851","2.4047","2.3707","70.42K","-0.12%"
"11/23/2021","2.3823","2.3193","2.3919","2.2915","78.26K","2.50%"
"11/22/2021","2.3242","2.2818","2.3354","2.2569","90.98K","1.61%"
"11/19/2021","2.2874","2.3772","2.4017","2.2627","106.48K","-3.76%"
"11/18/2021","2.3767","2.3634","2.3850","2.3345","62.06K","0.86%"
"11/17/2021","2.3564","2.4161","2.4217","2.3469","62.20K","-2.69%"
"11/16/2021","2.4216","2.3940","2.4334","2.3822","50.21K","1.37%"
"11/15/2021","2.3888","2.3945","2.4057","2.3427","54.13K","-0.24%"
"11/12/2021","2.3946","2.4214","2.4284","2.3736","52.33K","-1.66%"
"11/11/2021","2.4349","2.4344","2.4541","2.4000","61.82K","-0.14%"
"11/10/2021","2.4383","2.5025","2.5136","2.4213","41.31K","-2.23%"
"11/09/2021","2.4940","2.4611","2.5010","2.4461","43.07K","1.64%"
"11/08/2021","2.4537","2.4352","2.4719","2.4352","37.71K","0.48%"
"11/05/2021","2.4421","2.4026","2.4596","2.3888","33.97K","2.07%"
"11/04/2021","2.3925","2.4064","2.4889","2.3838","30.27K","-1.16%"
"11/03/2021","2.4206","2.4694","2.4799","2.3981","29.51K","-2.93%"
"11/02/2021","2.4937","2.4907","2.5023","2.4494","41.18K","0.23%"
"11/01/2021","2.4879","2.4627","2.4989","2.4476","22.34K","0.37%"
"10/29/2021","2.4787","2.4915","2.5059","2.4534","64.10K","-0.25%"
"10/28/2021","2.4848","2.4969","2.5008","2.4428","80.29K","-0.85%"
"10/27/2021","2.5062","2.5575","2.5610","2.4862","77.94K","-2.43%"
"10/26/2021","2.5685","2.5580","2.5708","2.5389","74.99K","0.44%"
"10/25/2021","2.5572","2.5353","2.5728","2.5311","58.70K","1.03%"
"10/22/2021","2.5312","2.5442","2.5600","2.5181","69.71K","-0.37%"
"10/21/2021","2.5407","2.5810","2.5879","2.5076","63.21K","-1.67%"
"10/20/2021","2.5838","2.5569","2.5849","2.5090","74.99K","1.26%"
"10/19/2021","2.5517","2.5259","2.5593","2.5010","76.41K","0.43%"
"10/18/2021","2.5408","2.5598","2.5983","2.5256","71.74K","-0.91%"
"10/15/2021","2.5641","2.5548","2.5873","2.5477","75.05K","0.56%"
"10/14/2021","2.5498","2.5158","2.5572","2.5094","49.01K","1.54%"
"10/13/2021","2.5112","2.4960","2.5197","2.4663","52.27K","0.40%"
"10/12/2021","2.5012","2.5056","2.5195","2.4755","66.46K","-0.18%"
"10/11/2021","2.5058","2.4788","2.5285","2.4683","47.47K","1.67%"
"10/08/2021","2.4646","2.4626","2.4939","2.4559","52.32K","0.50%"
"10/07/2021","2.4523","2.4303","2.4647","2.3678","55.89K","0.73%"
"10/06/2021","2.4346","2.4819","2.5126","2.4223","42.82K","-2.08%"
"10/05/2021","2.4863","2.4308","2.4950","2.4256","54.18K","2.30%"
"10/04/2021","2.4303","2.3796","2.4449","2.3589","39.58K","2.31%"
"10/01/2021","2.3755","2.3371","2.3798","2.3157","36.01K","1.58%"
"09/30/2021","2.3385","2.3111","2.3662","2.2843","74.98K","1.47%"
"09/29/2021","2.3047","2.2709","2.3149","2.2503","62.12K","0.82%"
"09/28/2021","2.2860","2.2901","2.3297","2.2624","72.95K","-0.31%"
"09/27/2021","2.2931","2.2656","2.3099","2.2650","76.94K","1.26%"
"09/24/2021","2.2646","2.2430","2.2680","2.2292","60.58K","0.81%"
"09/23/2021","2.2464","2.2034","2.2485","2.1884","59.42K","1.71%"
"09/22/2021","2.2087","2.1769","2.2114","2.1723","66.86K","1.74%"
"09/21/2021","2.1710","2.1656","2.1922","2.1411","46.86K","0.69%"
"09/20/2021","2.1561","2.2079","2.2097","2.1457","68.02K","-2.28%"
"09/17/2021","2.2064","2.1890","2.2160","2.1890","51.38K","-0.12%"
"09/16/2021","2.2090","2.2019","2.2141","2.1725","43.17K","0.25%"
"09/15/2021","2.2035","2.1630","2.2225","2.1623","42.68K","2.06%"
"09/14/2021","2.1591","2.1612","2.1734","2.1430","44.92K","0.12%"
"09/13/2021","2.1566","2.1360","2.1708","2.1360","29.76K","0.61%"
"09/10/2021","2.1436","2.1067","2.1524","2.0992","28.34K","1.55%"
"09/09/2021","2.1109","2.1325","2.1439","2.0892","37.95K","-1.07%"
"09/08/2021","2.1337","2.1184","2.1486","2.1167","51.33K","0.78%"
"09/07/2021","2.1172","2.1547","2.1547","2.1058","31.94K","-1.11%"
"09/06/2021","2.1410","2.1430","2.1586","2.1275","","-0.12%"
"09/05/2021","2.1436","2.1567","2.1572","2.1436","","-0.47%"
"09/03/2021","2.1538","2.1585","2.1786","2.1447","20.63K","-0.42%"
"09/02/2021","2.1629","2.1169","2.1780","2.1063","29.76K","1.83%"
"09/01/2021","2.1240","2.1277","2.1441","2.0854","32.82K","-0.29%"
"08/31/2021","2.1302","2.1376","2.1423","2.1043","63.25K","-0.36%"
"08/30/2021","2.1378","2.1296","2.1569","2.0979","87.07K","1.46%"
"08/27/2021","2.1070","2.0755","2.1152","2.0685","61.02K","1.24%"
"08/26/2021","2.0811","2.1108","2.1194","2.0697","89.16K","-1.75%"
"08/25/2021","2.1181","2.0694","2.1214","2.0548","89.00K","2.35%"
"08/24/2021","2.0694","2.0053","2.0735","2.0018","78.59K","3.05%"
"08/23/2021","2.0082","1.8988","2.0157","1.8976","79.21K","5.14%"
"08/20/2021","1.9100","1.9661","1.9734","1.8971","68.27K","-3.11%"
"08/19/2021","1.9714","2.0031","2.0108","1.9465","65.10K","-2.63%"
"08/18/2021","2.0246","2.0381","2.0639","2.0013","47.04K","-0.72%"
"08/17/2021","2.0392","2.0583","2.0682","2.0333","31.77K","-0.58%"
"08/16/2021","2.0511","2.0678","2.0794","2.0195","30.65K","-1.40%"
"08/13/2021","2.0803","2.1027","2.1101","2.0665","33.03K","-1.26%"
"08/12/2021","2.1068","2.1141","2.1157","2.0810","32.05K","-0.12%"
"08/11/2021","2.1093","2.0922","2.1154","2.0487","37.14K","1.26%"
"08/10/2021","2.0830","2.0510","2.0980","2.0413","32.47K","1.84%"
"08/09/2021","2.0453","2.0694","2.0694","2.0097","32.19K","-2.05%"
"08/06/2021","2.0881","2.1060","2.1287","2.0785","27.60K","-0.98%"
"08/05/2021","2.1087","2.0781","2.1105","2.0651","30.81K","1.53%"
"08/04/2021","2.0770","2.1253","2.1374","2.0700","40.32K","-2.40%"
"08/03/2021","2.1281","2.1495","2.1589","2.0911","27.30K","-0.39%"
"08/02/2021","2.1364","2.1919","2.1950","2.1197","23.27K","-2.70%"
"07/30/2021","2.1956","2.1910","2.2045","2.1759","45.81K","0.16%"
"07/29/2021","2.1921","2.1550","2.1952","2.1537","51.37K","1.59%"
"07/28/2021","2.1577","2.1500","2.1627","2.1429","48.86K","0.56%"
"07/27/2021","2.1456","2.1591","2.1670","2.1329","64.15K","-0.32%"
"07/26/2021","2.1525","2.1374","2.1599","2.1007","52.51K","0.80%"
"07/23/2021","2.1354","2.1324","2.1402","2.1222","54.70K","0.08%"
"07/22/2021","2.1336","2.0884","2.1371","2.0748","57.47K","2.15%"
"07/21/2021","2.0886","1.9973","2.0942","1.9942","49.90K","3.69%"
"07/20/2021","2.0142","1.9859","2.0209","1.9641","42.09K","1.38%"
"07/19/2021","1.9868","2.1014","2.1081","1.9691","51.72K","-6.06%"
"07/16/2021","2.1150","2.1068","2.1298","2.0850","21.01K","0.04%"
"07/15/2021","2.1141","2.1395","2.1437","2.1038","28.20K","-1.45%"
"07/14/2021","2.1452","2.1862","2.1862","2.1123","33.20K","-1.90%"
"07/13/2021","2.1867","2.1532","2.1901","2.1471","28.14K","1.60%"
"07/12/2021","2.1523","2.1535","2.1623","2.1189","32.98K","-0.24%"
"07/09/2021","2.1574","2.1296","2.1670","2.1133","25.50K","1.66%"
"07/08/2021","2.1221","2.0917","2.1313","2.0536","34.60K","1.48%"
"07/07/2021","2.0912","2.1268","2.1520","2.0646","30.21K","-0.77%"
"07/06/2021","2.1074","2.1791","2.2120","2.1010","38.31K","-4.02%"
"07/05/2021","2.1957","2.1787","2.1991","2.1662","","0.78%"
"07/04/2021","2.1787","2.1768","2.1810","2.1746","","-0.12%"
"07/02/2021","2.1814","2.1519","2.1860","2.1433","18.28K","1.09%"
"07/01/2021","2.1579","2.1316","2.1882","2.1316","28.03K","1.39%"
"06/30/2021","2.1283","2.1340","2.1480","2.1084","46.62K","0.18%"
"06/29/2021","2.1245","2.1220","2.1512","2.1015","46.42K","0.17%"
"06/28/2021","2.1208","2.1496","2.1582","2.1190","59.07K","-1.43%"
"06/25/2021","2.1515","2.1660","2.1780","2.0902","69.01K","-0.62%"
"06/24/2021","2.1650","2.1635","2.1683","2.1344","61.01K","0.12%"
"06/23/2021","2.1624","2.1551","2.1916","2.1503","64.25K","0.37%"
"06/22/2021","2.1544","2.1280","2.1609","2.1185","56.48K","1.16%"
"06/21/2021","2.1297","2.0903","2.1327","2.0737","57.03K","1.57%"
"06/18/2021","2.0967","2.0692","2.1047","2.0464","49.73K","1.32%"
"06/17/2021","2.0694","2.0955","2.1130","2.0404","35.01K","-1.72%"
"06/16/2021","2.1057","2.1193","2.1300","2.0901","28.85K","-0.43%"
"06/15/2021","2.1147","2.1130","2.1294","2.1067","21.78K","0.00%"
"06/14/2021","2.1147","2.1220","2.1442","2.1106","21.36K","-0.42%"
"06/11/2021","2.1237","2.1427","2.1549","2.0941","31.92K","-1.03%"
"06/10/2021","2.1459","2.1255","2.1585","2.1040","25.18K","0.63%"
"06/09/2021","2.1325","2.1378","2.1527","2.1215","22.71K","-0.25%"
"06/08/2021","2.1378","2.1158","2.1422","2.0952","26.66K","0.92%"
"06/07/2021","2.1184","2.1163","2.1319","2.1025","23.94K","-0.18%"
"06/04/2021","2.1222","2.1042","2.1252","2.0946","10.98K","0.86%"
"06/03/2021","2.1042","2.1072","2.1240","2.0858","19.81K","-0.24%"
"06/02/2021","2.1093","2.0825","2.1126","2.0770","21.96K","1.74%"
"06/01/2021","2.0733","2.0418","2.1140","2.0418","23.37K","1.01%"
"05/31/2021","2.0526","2.0419","2.0674","2.0369","","0.52%"
"05/30/2021","2.0419","2.0421","2.0444","2.0396","","0.18%"
"05/28/2021","2.0383","2.0558","2.0720","2.0335","47.37K","-0.82%"
"05/27/2021","2.0552","2.0460","2.0588","2.0220","47.96K","0.55%"
"05/26/2021","2.0439","2.0336","2.0485","2.0180","53.20K","0.49%"
"05/25/2021","2.0339","2.0440","2.0522","2.0239","52.84K","-0.36%"
"05/24/2021","2.0412","1.9918","2.0453","1.9861","48.18K","2.70%"
"05/21/2021","1.9876","1.9585","2.0018","1.9471","56.07K","1.23%"
"05/20/2021","1.9635","2.0048","2.0153","1.9544","53.48K","-2.07%"
"05/19/2021","2.0051","2.0466","2.0514","1.9718","48.13K","-2.40%"
"05/18/2021","2.0544","2.0592","2.0760","2.0178","44.64K","-0.20%"
"05/17/2021","2.0586","2.0355","2.0643","2.0283","33.20K","1.18%"
"05/14/2021","2.0345","1.9978","2.0383","1.9848","33.94K","1.78%"
"05/13/2021","1.9990","2.0642","2.0642","1.9809","50.13K","-3.21%"
"05/12/2021","2.0652","2.0425","2.0777","2.0301","55.64K","1.26%"
"05/11/2021","2.0396","2.0157","2.0444","1.9956","45.08K","1.16%"
"05/10/2021","2.0162","2.0566","2.0772","1.9960","55.03K","0.22%"
"05/07/2021","2.0118","1.9951","2.0160","1.9704","30.87K","1.05%"
"05/06/2021","1.9908","1.9938","2.0120","1.9815","17.86K","-0.63%"
"05/05/2021","2.0035","2.0164","2.0285","1.9899","30.59K","0.18%"
"05/04/2021","1.9999","1.9565","2.0147","1.9534","32.97K","2.36%"
"05/03/2021","1.9537","1.9260","1.9621","1.9100","15.87K","1.63%"
"04/30/2021","1.9224","1.9566","1.9618","1.9088","56.94K","-2.04%"
"04/29/2021","1.9625","1.9371","1.9756","1.9341","55.72K","1.18%"
"04/28/2021","1.9397","1.9125","1.9526","1.9017","58.56K","1.71%"
"04/27/2021","1.9071","1.8823","1.9156","1.8800","61.20K","1.40%"
"04/26/2021","1.8808","1.8750","1.8864","1.8344","61.52K","0.27%"
"04/23/2021","1.8757","1.8629","1.8851","1.8547","49.23K","0.69%"
"04/22/2021","1.8629","1.8504","1.8701","1.8397","54.71K","0.40%"
"04/21/2021","1.8555","1.8774","1.8790","1.8408","52.41K","-1.41%"
"04/20/2021","1.8820","1.8950","1.9174","1.8507","56.38K","-0.67%"
"04/19/2021","1.8947","1.8927","1.9047","1.8836","31.99K","-0.15%"
"04/16/2021","1.8975","1.8934","1.9109","1.8883","37.80K","-0.15%"
"04/15/2021","1.9004","1.8839","1.9009","1.8775","36.83K","0.44%"
"04/14/2021","1.8920","1.8256","1.8964","1.8249","39.51K","4.12%"
"04/13/2021","1.8171","1.8095","1.8255","1.8037","31.22K","0.37%"
"04/12/2021","1.8104","1.8096","1.8446","1.7902","33.25K","0.02%"
"04/09/2021","1.8100","1.8111","1.8151","1.7907","31.57K","-0.10%"
"04/08/2021","1.8118","1.8048","1.8145","1.7868","29.03K","0.14%"
"04/07/2021","1.8093","1.7929","1.8121","1.7642","33.19K","0.74%"
"04/06/2021","1.7960","1.7785","1.8277","1.7785","26.98K","1.19%"
"04/05/2021","1.7748","1.8328","1.8352","1.7516","22.72K","-3.25%"
"04/01/2021","1.8344","1.7779","1.8387","1.7716","25.21K","3.65%"
"03/31/2021","1.7698","1.7927","1.8086","1.7623","38.51K","-1.21%"
"03/30/2021","1.7914","1.8164","1.8272","1.7796","37.16K","-1.11%"
"03/29/2021","1.8115","1.8144","1.8281","1.7750","46.74K","0.01%"
"03/26/2021","1.8114","1.7486","1.8220","1.7473","51.36K","3.53%"
"03/25/2021","1.7496","1.8206","1.8222","1.7322","51.19K","-4.21%"
"03/24/2021","1.8265","1.7357","1.8308","1.7335","53.51K","4.36%"
"03/23/2021","1.7502","1.8241","1.8273","1.7315","53.40K","-4.38%"
"03/22/2021","1.8303","1.8256","1.8412","1.7965","50.10K","0.46%"
"03/19/2021","1.8220","1.7750","1.8321","1.7570","62.69K","2.02%"
"03/18/2021","1.7859","1.8990","1.9132","1.7459","56.99K","-6.34%"
"03/17/2021","1.9068","1.9330","1.9427","1.8821","48.00K","-1.33%"
"03/16/2021","1.9325","1.9439","1.9467","1.9120","27.46K","-0.77%"
"03/15/2021","1.9474","1.9658","1.9794","1.9220","32.54K","-0.84%"
"03/12/2021","1.9638","1.9585","1.9750","1.9481","51.33K","0.30%"
"03/11/2021","1.9580","1.9191","1.9622","1.9082","44.02K","2.13%"
"03/10/2021","1.9172","1.8975","1.9278","1.8802","51.89K","0.59%"
"03/09/2021","1.9059","1.9072","1.9352","1.8948","41.96K","-0.17%"
"03/08/2021","1.9091","1.9503","1.9830","1.8989","57.44K","-1.69%"
"03/05/2021","1.9419","1.8955","1.9501","1.8837","66.95K","2.63%"
"03/04/2021","1.8922","1.8259","1.9107","1.7991","48.56K","3.34%"
"03/03/2021","1.8311","1.8003","1.8435","1.7951","39.85K","1.64%"
"03/02/2021","1.8015","1.8006","1.8326","1.7811","29.01K","-0.55%"
"03/01/2021","1.8114","1.8436","1.8695","1.7940","46.16K","-1.72%"
"02/26/2021","1.8431","1.8966","1.9044","1.8388","72.25K","-2.89%"
"02/25/2021","1.8979","1.9040","1.9130","1.8804","63.44K","-0.11%"
"02/24/2021","1.9000","1.8575","1.9044","1.8472","63.83K","2.10%"
"02/23/2021","1.8609","1.8625","1.8855","1.8272","85.25K","0.55%"
"02/22/2021","1.8508","1.8015","1.8681","1.8000","103.32K","2.23%"
"02/19/2021","1.8104","1.8161","1.8311","1.7905","101.22K","-0.68%"
"02/18/2021","1.8228","1.8331","1.8504","1.8025","93.60K","-0.05%"
"02/17/2021","1.8238","1.8052","1.8374","1.7882","84.32K","1.23%"
"02/16/2021","1.8017","1.7700","1.8175","1.7700","134.42K","-1.20%"
"02/15/2021","1.8236","1.7928","1.8280","1.7915","","1.69%"
"02/14/2021","1.7933","1.7743","1.8010","1.7743","","1.61%"
"02/12/2021","1.7648","1.7330","1.7709","1.7181","54.46K","1.52%"
"02/11/2021","1.7384","1.7457","1.7516","1.7299","49.51K","-0.80%"
"02/10/2021","1.7525","1.7473","1.7593","1.7399","42.44K","0.25%"
"02/09/2021","1.7482","1.7406","1.7569","1.7249","36.59K","0.55%"
"02/08/2021","1.7386","1.7085","1.7434","1.7085","40.09K","1.95%"
"02/05/2021","1.7053","1.7036","1.7258","1.7017","48.57K","0.70%"
"02/04/2021","1.6934","1.6878","1.7021","1.6668","33.41K","0.62%"
"02/03/2021","1.6830","1.6742","1.6967","1.6685","38.51K","1.03%"
"02/02/2021","1.6658","1.6379","1.6795","1.6362","52.74K","1.67%"
"02/01/2021","1.6384","1.5900","1.6416","1.5807","49.92K","2.50%"
"01/29/2021","1.5984","1.5948","1.6350","1.5911","64.87K","-0.16%"
"01/28/2021","1.6010","1.6050","1.6313","1.5921","61.49K","-0.41%"
"01/27/2021","1.6076","1.6005","1.6207","1.5826","63.30K","0.58%"